text,unit,unit_label,unit_kind,words,character,ambient,words_in_sound,events,events_per_1k,character_per_1k,ambient_per_1k,SED_pct,ambient_share,starts_at_pct,loud_mean,loud_std,loud_n,hearing_words,hearing_per_1k,music_words,music_per_1k
What Maisie Knew,0,Prologue,chapter,1667,8,2,51,10,5.99880023995201,4.799040191961607,1.1997600479904018,3.059388122375525,0.2,0.0,3.0,0.0,4,0,0.0,0.0,0.0
What Maisie Knew,1,I,chapter,1416,19,2,87,21,14.830508474576272,13.418079096045197,1.4124293785310735,6.1440677966101696,0.09523809523809523,1.6947774016124277,3.2,0.6,10,1,0.7062146892655368,0.0,0.0
What Maisie Knew,2,II,chapter,1396,14,3,100,17,12.177650429799426,10.02865329512894,2.1489971346704873,7.163323782234957,0.17647058823529413,3.134372363030063,3.076923076923077,0.2664693550105965,13,1,0.7163323782234957,0.0,0.0
What Maisie Knew,3,III,chapter,1093,16,0,89,16,14.63860933211345,14.63860933211345,0.0,8.142726440988106,0.0,4.553634062280782,3.0,0.0,12,2,1.8298261665141813,0.0,0.0
What Maisie Knew,4,IV,chapter,1512,15,5,75,20,13.227513227513226,9.920634920634921,3.3068783068783065,4.9603174603174605,0.25,5.664846839702728,3.1875,0.34798527267687634,8,1,0.6613756613756614,2.0,1.3227513227513228
What Maisie Knew,5,V,chapter,1721,18,9,116,27,15.68855316676351,10.459035444509006,5.229517722254503,6.74026728646136,0.3333333333333333,7.202041459521559,3.0,0.3692744729379982,11,1,0.5810575246949448,0.0,0.0
What Maisie Knew,6,VI,chapter,2146,33,2,158,35,16.309412861136998,15.37744641192917,0.9319664492078285,7.362534948741846,0.05714285714285714,8.951718668984658,3.1842105263157894,0.37029598103869177,19,5,2.3299161230195713,0.0,0.0
What Maisie Knew,7,VII,chapter,2514,55,4,262,59,23.468575974542564,21.877486077963404,1.591089896579157,10.421638822593476,0.06779661016949153,11.133477699494719,3.106060606060606,0.51870432632193,33,3,1.1933174224343677,0.0,0.0
What Maisie Knew,8,VIII,chapter,3676,62,10,322,72,19.58650707290533,16.866158868335145,2.7203482045701852,8.759521218715996,0.1388888888888889,13.689368753876026,3.169811320754717,0.5314930573963499,53,5,1.3601741022850926,0.0,0.0
What Maisie Knew,9,IX,chapter,3019,34,4,170,38,12.586949320967207,11.262007287181186,1.3249420337860218,5.631003643590593,0.10526315789473684,17.42662234015514,2.8636363636363638,0.642824346533225,22,1,0.33123550844650546,0.0,0.0
What Maisie Knew,10,X,chapter,2416,61,2,240,63,26.076158940397352,25.248344370860927,0.8278145695364238,9.933774834437086,0.031746031746031744,20.495928264251077,3.1375,0.33517719194479806,40,0,0.0,0.0,0.0
What Maisie Knew,11,XI,chapter,3523,48,6,232,54,15.32784558614817,13.624751632131705,1.7030939540164631,6.585296622196991,0.1111111111111111,22.9521863340145,3.1029411764705883,0.2915327588470442,34,7,1.9869429463525403,0.0,0.0
What Maisie Knew,12,XII,chapter,3526,45,6,212,51,14.463981849120817,12.762336925694838,1.7016449234259785,6.012478729438457,0.11764705882352941,26.53389046471671,3.1142857142857143,0.5082984821330628,35,3,0.8508224617129893,0.0,0.0
What Maisie Knew,13,XIII,chapter,2685,71,0,266,71,26.443202979515828,26.443202979515828,0.0,9.906890130353819,0.0,30.118644584743954,3.0893617021276594,0.40382956303381445,47,1,0.37243947858473,0.0,0.0
What Maisie Knew,14,XIV,chapter,3036,69,1,298,70,23.0566534914361,22.727272727272727,0.32938076416337286,9.81554677206851,0.014285714285714285,32.848385030652395,3.0980392156862746,0.47506044861120456,51,4,1.3175230566534915,0.0,0.0
What Maisie Knew,15,XV,chapter,2996,56,1,210,57,19.025367156208276,18.69158878504673,0.33377837116154874,7.009345794392523,0.017543859649122806,35.9349742275902,3.0588235294117645,0.4814913395219088,34,7,2.336448598130841,2.0,0.6675567423230975
What Maisie Knew,16,XVI,chapter,3296,77,5,328,82,24.87864077669903,23.361650485436893,1.5169902912621358,9.951456310679612,0.06097560975609756,38.98089690019418,3.125,0.4947642536265799,48,8,2.4271844660194173,0.0,0.0
What Maisie Knew,17,XVII,chapter,3233,49,5,243,54,16.702752861119706,15.156201670275285,1.546551190844417,7.516238787503866,0.09259259259259259,42.3318185053019,3.1818181818181817,0.385694607919935,22,3,0.9279307145066501,0.0,0.0
What Maisie Knew,18,XVIII,chapter,3248,36,5,202,41,12.623152709359607,11.083743842364532,1.539408866995074,6.219211822660099,0.12195121951219512,45.618690334583825,3.0,0.5443310539518174,27,4,1.2315270935960592,0.0,0.0
What Maisie Knew,19,XIX,chapter,4538,62,11,273,73,16.08638166593213,13.662406346408108,2.4239753195240192,6.015866020273248,0.1506849315068493,48.92081211049095,3.0681818181818183,0.47183044300060667,44,7,1.5425297487880125,0.0,0.0
What Maisie Knew,20,XX,chapter,5611,53,8,269,61,10.871502405988238,9.445731598645517,1.4257708073427195,4.794154339689895,0.13114754098360656,53.534429296164134,3.1451612903225805,0.4249012862038546,31,5,0.8911067545891997,0.0,0.0
What Maisie Knew,21,XXI,chapter,3957,31,13,190,44,11.119535001263582,7.834217841799343,3.2853171594642405,4.801617386909275,0.29545454545454547,59.23892599709234,2.984375,0.4416654382844553,32,9,2.274450341167551,0.0,0.0
What Maisie Knew,22,XXII,chapter,2508,24,8,140,32,12.759170653907496,9.569377990430622,3.189792663476874,5.582137161084529,0.25,63.26186191681662,3.159090909090909,0.40972173584818067,22,7,2.7910685805422646,0.0,0.0
What Maisie Knew,23,XXIII,chapter,2920,51,4,208,55,18.835616438356162,17.465753424657535,1.36986301369863,7.123287671232877,0.07272727272727272,65.81165299254786,3.1666666666666665,0.6526300069150406,27,1,0.3424657534246575,0.0,0.0
What Maisie Knew,24,XXIV,chapter,3977,49,9,275,58,14.583857178777974,12.320844857933116,2.263012320844858,6.9147598692481775,0.15517241379310345,68.78030926891756,3.161764705882353,0.5520095405624548,34,2,0.5028916268544129,0.0,0.0
What Maisie Knew,25,XXV,chapter,3438,34,4,156,38,11.052937754508436,9.889470622454915,1.1634671320535195,4.537521815008725,0.10526315789473684,72.82357845080875,3.0,0.39009474880274697,23,3,0.8726003490401396,0.0,0.0
What Maisie Knew,26,XXVI,chapter,3770,29,8,208,37,9.814323607427056,7.6923076923076925,2.122015915119363,5.517241379310345,0.21621621621621623,76.31886621730158,3.130434782608696,0.5937608819020722,23,6,1.5915119363395225,4.0,1.0610079575596816
What Maisie Knew,27,XXVII,chapter,2325,38,4,194,42,18.06451612903226,16.34408602150538,1.7204301075268817,8.344086021505376,0.09523809523809523,80.15168613576519,2.963636363636364,0.5645154435003644,22,1,0.43010752688172044,0.0,0.0
What Maisie Knew,28,XXVIII,chapter,2682,39,6,185,45,16.778523489932887,14.5413870246085,2.237136465324385,6.897837434750187,0.13333333333333333,82.51542786266914,3.0714285714285716,0.25753937681885636,28,4,1.4914243102162563,1.0,0.3728560775540641
What Maisie Knew,29,XXIX,chapter,3512,86,3,324,89,25.34168564920273,24.4874715261959,0.8542141230068337,9.225512528473805,0.033707865168539325,85.24211831925254,3.1037735849056602,0.3549978815514487,53,4,1.1389521640091116,0.0,0.0
What Maisie Knew,30,XXX,chapter,4694,76,3,300,79,16.829995739241586,16.190881976991903,0.6391137622496804,6.391137622496805,0.0379746835443038,88.81263915576295,3.057377049180328,0.4351216209831803,61,4,0.8521516829995739,1.0,0.21303792074989347
What Maisie Knew,31,XXXI,chapter,6310,136,15,597,151,23.93026941362916,21.553090332805073,2.3771790808240887,9.461172741679873,0.09933774834437085,93.58485578633808,3.1363636363636362,0.4253232984126727,99,8,1.2678288431061806,0.0,0.0
The Golden Bowl,1,I,chapter,6410,36,4,191,40,6.240249609984399,5.616224648985959,0.62402496099844,2.9797191887675507,0.1,0.0,3.064516129032258,0.3533693919388169,31,2,0.31201248049922,0.0,0.0
The Golden Bowl,2,II,chapter,5322,78,4,301,82,15.407741450582487,14.656144306651633,0.7515971439308531,5.655768508079669,0.04878048780487805,3.0183455134483537,3.0476190476190474,0.47737946799436715,63,2,0.37579857196542654,0.0,0.0
The Golden Bowl,3,III,chapter,5260,53,5,234,58,11.026615969581748,10.076045627376425,0.9505703422053232,4.448669201520913,0.08620689655172414,5.5243727868605434,3.05,0.49749371855331,40,4,0.7604562737642585,0.0,0.0
The Golden Bowl,4,IV,chapter,7257,101,5,456,106,14.606586743833539,13.917596803086674,0.688989940746865,6.28358825961141,0.04716981132075472,8.001205454682438,3.0808823529411766,0.41665945783844677,68,7,0.9645859170456111,0.0,0.0
The Golden Bowl,5,V,chapter,4373,52,0,233,52,11.891150240109765,11.891150240109765,0.0,5.328150011433799,0.0,11.418386950953062,3.1,0.3,30,4,0.914703864623828,0.0,0.0
The Golden Bowl,6,VI,chapter,4620,66,8,282,74,16.017316017316016,14.285714285714285,1.7316017316017316,6.103896103896104,0.10810810810810811,13.477548406539592,3.009433962264151,0.5536377641932533,53,0,0.0,0.0,0.0
The Golden Bowl,7,VII,chapter,5530,18,0,78,18,3.2549728752260396,3.2549728752260396,0.0,1.410488245931284,0.0,15.653017403751978,3.1666666666666665,0.4249182927993987,12,1,0.18083182640144665,0.0,0.0
The Golden Bowl,8,VIII,chapter,3246,4,6,67,10,3.080714725816389,1.2322858903265559,1.8484288354898337,2.0640788662969807,0.6,18.25698787011226,3.4,0.8,5,0,0.0,0.0,0.0
The Golden Bowl,9,IX,chapter,3977,14,2,103,16,4.023133014835303,3.52024138798089,0.5028916268544129,2.5898918783002265,0.125,19.785466736984855,2.9272727272727277,0.6729729281207908,11,0,0.0,1.0,0.25144581342720645
The Golden Bowl,10,X,chapter,5911,81,3,325,84,14.210793435966842,13.703265098968025,0.5075283369988157,5.4982236508205045,0.03571428571428571,21.658159421381754,3.0307692307692307,0.26131211925327735,65,4,0.6767044493317544,0.0,0.0
The Golden Bowl,11,XI,chapter,5367,30,9,322,39,7.266629401900503,5.589714924538848,1.6769144773616547,5.999627352338364,0.23076923076923078,24.441535447901757,2.8333333333333335,0.6784669927988098,21,5,0.931619154089808,8.0,1.4905906465436929
The Golden Bowl,12,XII,chapter,4878,53,5,242,58,11.890118901189012,10.865108651086512,1.025010250102501,4.961049610496105,0.08620689655172414,26.968752354403673,3.1,0.3570714214271425,40,2,0.4100041000410004,2.0,0.4100041000410004
The Golden Bowl,13,XIII,chapter,3945,46,4,220,50,12.674271229404308,11.660329531051966,1.0139416983523446,5.576679340937896,0.08,29.265708581330518,3.0285714285714285,0.29137254363387344,35,3,0.7604562737642585,0.0,0.0
The Golden Bowl,14,XIV,chapter,5864,57,8,312,65,11.084583901773533,9.720327421555252,1.364256480218281,5.320600272851296,0.12307692307692308,31.12333308219694,3.0128205128205128,0.40011503934172404,39,6,1.0231923601637107,0.0,0.0
The Golden Bowl,15,XV,chapter,2871,20,1,107,21,7.3145245559038665,6.966213862765587,0.34831069313827934,3.726924416579589,0.047619047619047616,33.88457771415656,2.857142857142857,0.5150787536377127,14,1,0.34831069313827934,0.0,0.0
The Golden Bowl,16,XVI,chapter,3350,41,2,211,43,12.835820895522389,12.238805970149254,0.5970149253731344,6.298507462686567,0.046511627906976744,35.2364763052814,2.966666666666667,0.48189440982669873,30,2,0.5970149253731344,0.0,0.0
The Golden Bowl,17,XVII,chapter,3424,8,4,81,12,3.5046728971962615,2.336448598130841,1.1682242990654206,2.3656542056074765,0.3333333333333333,36.81392676862804,3.142857142857143,0.3499271061118826,7,6,1.7523364485981308,1.0,0.29205607476635514
The Golden Bowl,18,XVIII,chapter,3745,65,7,295,72,19.22563417890521,17.356475300400533,1.8691588785046729,7.87716955941255,0.09722222222222222,38.42622240638891,3.0294117647058822,0.49913419848462176,51,0,0.0,0.0,0.0
The Golden Bowl,19,XIX,chapter,3784,8,3,55,11,2.9069767441860463,2.1141649048625792,0.7928118393234672,1.4534883720930232,0.2727272727272727,40.18967076018986,2.9166666666666665,0.731247032282677,6,0,0.0,2.0,0.5285412262156448
The Golden Bowl,20,XX,chapter,2833,6,3,53,9,3.1768443346276034,2.1178962230850686,1.0589481115425343,1.8708083303918106,0.3333333333333333,41.97148346266857,3.3,0.4,5,3,1.0589481115425343,1.0,0.35298270384751146
The Golden Bowl,21,XXI,chapter,4012,36,4,214,40,9.970089730807578,8.97308075772682,0.9970089730807576,5.333998005982054,0.1,43.30548858585097,2.933333333333333,0.5734883511361751,30,1,0.2492522432701894,0.0,0.0
The Golden Bowl,22,XXII,chapter,3850,42,2,229,44,11.428571428571429,10.90909090909091,0.5194805194805194,5.9480519480519485,0.045454545454545456,45.19466209598433,2.9838709677419355,0.745782453012703,31,0,0.0,7.0,1.8181818181818181
The Golden Bowl,23,XXIII,chapter,4182,52,0,225,52,12.434241989478718,12.434241989478718,0.0,5.380200860832137,0.0,47.00755292699465,3.014705882352941,0.4923726189053884,34,1,0.23912003825920614,0.0,0.0
The Golden Bowl,24,XXIV,chapter,6239,78,0,303,78,12.502003526206122,12.502003526206122,0.0,4.856547523641609,0.0,48.97677616213365,2.950980392156863,0.31707767899600453,51,1,0.16028209648982208,0.0,0.0
The Golden Bowl,25,XXV,chapter,5415,13,6,85,19,3.5087719298245617,2.4007386888273317,1.10803324099723,1.569713758079409,0.3157894736842105,51.91460106984103,3.1363636363636362,0.526174404672283,11,2,0.3693444136657433,0.0,0.0
The Golden Bowl,26,XXVI,chapter,7301,24,3,150,27,3.6981235447199015,3.2872209286399126,0.41090261607998907,2.0545130803999454,0.1111111111111111,54.46442025163867,3.125,0.5994789404140899,16,3,0.41090261607998907,0.0,0.0
The Golden Bowl,27,XXVII,chapter,6238,61,12,331,73,11.702468739980763,9.778775248477075,1.9236934915036872,5.306187880731004,0.1643835616438356,57.90232050026369,2.9574468085106385,0.41036811748906193,47,3,0.4809233728759218,1.0,0.1603077909586406
The Golden Bowl,28,XXVIII,chapter,4731,18,6,164,24,5.072923272035511,3.804692454026633,1.2682308180088777,3.4664975692242654,0.25,60.83967452723574,3.1666666666666665,0.4714045207910317,9,3,0.6341154090044389,0.0,0.0
The Golden Bowl,29,XXIX,chapter,4616,42,6,239,48,10.398613518197575,9.098786828422876,1.2998266897746968,5.177642980935875,0.125,63.067411286069465,2.9411764705882355,0.41594516540385146,34,6,1.2998266897746968,0.0,0.0
The Golden Bowl,30,XXX,chapter,5878,68,2,251,70,11.908812521265737,11.568560734943858,0.3402517863218782,4.270159918339571,0.02857142857142857,65.24099676034054,2.9767441860465116,0.5493493865589635,43,2,0.3402517863218782,0.0,0.0
The Golden Bowl,31,XXXI,chapter,4417,25,3,121,28,6.3391442155309035,5.659950192438306,0.6791940230925968,2.7394158931401402,0.10714285714285714,68.00883372259474,3.0,0.0,19,3,0.6791940230925968,2.0,0.4527960153950645
The Golden Bowl,32,XXXII,chapter,4714,16,4,113,20,4.2426813746287655,3.394145099703012,0.848536274925753,2.3971149766652524,0.2,70.08871393053568,3.0,0.0,9,1,0.21213406873143825,3.0,0.6364022061943148
The Golden Bowl,33,XXXIII,chapter,7382,89,4,373,93,12.59821186670279,12.056353291790842,0.541858574911948,5.052831211053914,0.043010752688172046,72.30844571686883,2.8934426229508197,0.48851358772955217,61,5,0.677323218639935,0.0,0.0
The Golden Bowl,34,XXXIV,chapter,6706,63,3,299,66,9.841932597673724,9.394572025052192,0.447360572621533,4.458693707127946,0.045454545454545456,75.78448730505536,2.9574468085106385,0.4592985775515512,47,4,0.5964807634953773,0.0,0.0
The Golden Bowl,35,XXXV,chapter,6591,51,4,231,55,8.34471248672432,7.737824305871643,0.6068881808526778,3.504779244424215,0.07272727272727272,78.94221351616063,3.0,0.2581988897471611,30,4,0.6068881808526778,0.0,0.0
The Golden Bowl,36,XXXVI,chapter,6317,26,6,169,32,5.065695741649518,4.115877790090233,0.9498179515592844,2.6753205635586514,0.1875,82.04578844270323,3.0,0.6324555320336759,15,4,0.6332119677061897,0.0,0.0
The Golden Bowl,37,XXXVII,chapter,6431,68,3,320,71,11.040273674389676,10.573783237443632,0.46649043694604264,4.975897994091121,0.04225352112676056,85.02034204776614,3.0652173913043477,0.4846412349914773,46,2,0.3109936246306951,0.0,0.0
The Golden Bowl,38,XXXVIII,chapter,5794,12,10,173,22,3.7970314118053157,2.0711080428028996,1.7259233690024163,2.98584742837418,0.45454545454545453,88.04857605665637,3.0,0.7071067811865476,11,12,2.0711080428028996,6.0,1.0355540214014498
The Golden Bowl,39,XXXIX,chapter,6292,60,7,248,67,10.648442466624285,9.535918626827717,1.112523839796567,3.9415130324221233,0.1044776119402985,90.77685903714308,2.88,0.6588626564011654,40,2,0.3178639542275906,0.0,0.0
The Golden Bowl,40,XL,chapter,4177,62,1,241,63,15.082595163993297,14.843188891548959,0.23940627244433804,5.769691165908547,0.015873015873015872,93.7396406238228,2.9545454545454546,0.4239717751404007,44,1,0.23940627244433804,0.0,0.0
The Golden Bowl,41,XLI,chapter,4744,50,1,180,51,10.750421585160202,10.539629005059023,0.21079258010118043,3.794266441821248,0.0196078431372549,95.70650945528516,3.0483870967741935,0.19488783828378345,31,3,0.6323777403035413,0.0,0.0
The Golden Bowl,42,XLII,chapter,4374,44,4,254,48,10.973936899862824,10.059442158207592,0.9144947416552355,5.807041609510746,0.08333333333333333,97.94036766367815,2.9473684210526314,0.5594813585649816,38,2,0.45724737082761774,0.0,0.0
Swann in Love,1,§1,segment,3099,30,2,131,32,10.325911584382059,9.68054211035818,0.6453694740238787,4.227170054856405,0.0625,0.0,2.973684210526316,0.5249983511384212,19,0,0.0,13.0,4.194901581155212
Swann in Love,2,§2,segment,3041,23,1,82,24,7.892140743176586,7.563301545544229,0.3288391976323578,2.696481420585334,0.041666666666666664,3.384591861252485,2.8666666666666667,0.4988876515698589,15,7,2.301874383426504,5.0,1.644195988161789
Swann in Love,3,§3,segment,3047,57,5,254,62,20.34788316376764,18.70692484410896,1.6409583196586808,8.336068263866098,0.08064516129032258,6.70583866669579,3.2051282051282053,0.38759529379053775,39,11,3.6101083032490977,18.0,5.90744995077125
Swann in Love,4,§4,segment,3009,35,8,175,43,14.290461947490861,11.63177135260884,2.6586905948820205,5.81588567630442,0.18604651162790697,10.033638408946944,3.076923076923077,0.2664693550105965,26,10,3.3233632436025258,79.0,26.254569624459954
Swann in Love,5,§5,segment,3722,46,2,177,48,12.896292315959162,12.358946802794197,0.5373455131649651,4.755507791509941,0.041666666666666664,13.319936218081738,2.9655172413793105,0.49009208288109984,29,5,1.3433637829124125,17.0,4.567436861902204
Swann in Love,6,§6,segment,3162,21,0,88,21,6.641366223908919,6.641366223908919,0.0,2.783048703352309,0.0,17.38494135121557,3.25,0.5590169943749475,16,3,0.9487666034155597,3.0,0.9487666034155597
Swann in Love,7,§7,segment,5049,28,1,103,29,5.743711626064567,5.545652604476134,0.19805902158843336,2.040007922360864,0.034482758620689655,20.838339048950438,3.0625,0.3626436496985252,24,5,0.9902951079421667,19.0,3.7631214101802337
Swann in Love,8,§8,segment,3057,30,1,126,31,10.140660778541054,9.813542688910697,0.32711808963035655,4.121687929342492,0.03225806451612903,26.352635372752886,3.0,0.0,19,3,0.9813542688910696,4.0,1.3084723585214262
Swann in Love,9,§9,segment,3087,18,0,70,18,5.830903790087463,5.830903790087463,0.0,2.2675736961451247,0.0,29.69135667635045,2.9615384615384617,0.4142434467026542,13,2,0.6478781988986071,2.0,0.6478781988986071
Swann in Love,10,§10,segment,3356,66,5,317,71,21.156138259833135,19.666269368295588,1.4898688915375446,9.445768772348034,0.07042253521126761,33.06284266398725,3.0469387755102044,0.4508957256786044,49,4,1.1918951132300357,4.0,1.1918951132300357
Swann in Love,11,§11,segment,3117,70,2,302,72,23.099133782483154,22.45749117741418,0.6416426050689765,9.688803336541547,0.027777777777777776,36.728118651842465,3.0641025641025643,0.5210872162282455,39,6,1.9249278152069298,13.0,4.170676932948348
Swann in Love,12,§12,segment,3289,14,6,88,20,6.080875646093037,4.256612952265126,1.8242626938279112,2.6755852842809364,0.3,40.13236932351849,2.9615384615384617,0.3076923076923077,13,4,1.2161751292186076,5.0,1.5202189115232592
Swann in Love,13,§13,segment,3247,24,14,136,38,11.703110563597166,7.391438250692947,4.311672312904219,4.18848167539267,0.3684210526315789,43.724470850352766,3.1,0.37416573867739417,30,10,3.079765937788728,0.0,0.0
Swann in Love,14,§14,segment,3003,39,9,171,48,15.984015984015985,12.987012987012989,2.997002997002997,5.694305694305695,0.1875,47.27070181953212,2.888,0.31789306378088844,25,7,2.331002331002331,3.0,0.999000999000999
Swann in Love,15,§15,segment,3147,28,1,107,29,9.215125516364793,8.897362567524628,0.31776294884016526,3.400063552589768,0.034482758620689655,50.550446691859065,3.1363636363636362,0.6248966856757964,22,4,1.271051795360661,7.0,2.224340641881157
Swann in Love,16,§16,segment,3211,15,2,82,17,5.294300840859545,4.671441918405481,0.6228589224540642,2.5537215820616628,0.11764705882352941,53.98746204757432,3.2857142857142856,0.410325903324145,14,4,1.2457178449081283,0.0,0.0
Swann in Love,17,§17,segment,3353,24,1,77,25,7.456009543692216,7.157769161944528,0.29824038174768863,2.2964509394572024,0.04,57.494375395906594,3.0,0.408248290463863,12,2,0.5964807634953773,6.0,1.789442290486132
Swann in Love,18,§18,segment,4467,20,2,98,22,4.925005596597269,4.477277815088426,0.4477277815088426,2.193866129393329,0.09090909090909091,61.1563749153579,3.111111111111111,0.3142696805273545,9,1,0.2238638907544213,0.0,0.0
Swann in Love,19,§19,segment,3054,16,2,63,18,5.893909626719057,5.239030779305828,0.6548788474132285,2.06286836935167,0.1111111111111111,66.03503636879928,2.8846153846153846,0.5600084530215782,13,6,1.9646365422396854,4.0,1.309757694826457
Swann in Love,20,§20,segment,3705,13,3,72,16,4.318488529014845,3.5087719298245617,0.8097165991902834,1.9433198380566803,0.1875,69.37048120399292,2.888888888888889,0.7370277311900889,9,2,0.5398110661268556,4.0,1.0796221322537112
Swann in Love,21,§21,segment,3028,24,6,122,30,9.907529722589167,7.926023778071334,1.9815059445178336,4.0290620871862615,0.2,73.41691968283786,3.2222222222222223,0.5328701692569688,18,7,2.311756935270806,31.0,10.23778071334214
Swann in Love,22,§22,segment,3043,42,8,188,50,16.43115346697338,13.802168912257642,2.6289845547157413,6.1781137035819915,0.16,76.72396845853083,3.0806451612903225,0.22349042678308093,31,7,2.3003614853762735,2.0,0.6572461386789353
Swann in Love,23,§23,segment,3249,15,5,102,20,6.155740227762388,4.616805170821792,1.538935056940597,3.139427516158818,0.25,80.04739957624342,3.111111111111111,0.5665577237325317,9,10,3.077870113881194,44.0,13.542628501077255
Swann in Love,24,§24,segment,4790,27,15,177,42,8.768267223382045,5.6367432150313155,3.131524008350731,3.6951983298538624,0.35714285714285715,83.59581485769205,2.9827586206896552,0.3824322933244627,29,10,2.08768267223382,32.0,6.680584551148226
Swann in Love,25,§25,segment,3852,42,1,172,43,11.163032191069576,10.903426791277258,0.25960539979231567,4.46521287642783,0.023255813953488372,88.82724274262247,2.88,0.43081318457076034,25,10,2.596053997923157,0.0,0.0
Swann in Love,26,§26,segment,3218,37,8,164,45,13.983840894965818,11.497824735860782,2.486016159105034,5.0963331261653195,0.17777777777777778,93.03422817325965,3.066666666666667,0.21343747458109497,30,7,2.175264139216905,1.0,0.3107520198881292
Swann in Love,27,§27,segment,3160,25,6,145,31,9.810126582278482,7.9113924050632916,1.8987341772151898,4.588607594936709,0.1935483870967742,96.54878661453441,3.1052631578947367,0.5520046569316587,19,4,1.2658227848101267,0.0,0.0
